Regressor,RMSE,Adjusted R2
Bayesian Ridge,0.5702827007060995,0.6431187666436191
